{
    "loss": 0.2864428460597992,
    "accuracy": 0.8833333253860474
}