{
    "loss": 0.32565587759017944,
    "accuracy": 0.9083333611488342
}